pair_id	source_signer	source_video_id	driver_signer	driver_video_id
001	1	-g0iPSnQt6w-1-rgb_front	5	G2lEchCCRAo-5-rgb_front
002	1	-g0iPSnQt6w-1-rgb_front	5	G3EE6yhl1vk-5-rgb_front
003	1	-g0iPSnQt6w-1-rgb_front	5	G2kVb4gINSI-5-rgb_front
004	1	-g0iPSnQt6w-1-rgb_front	8	Fz-N1S0swh8-8-rgb_front
005	1	-g0iPSnQt6w-1-rgb_front	8	G1hb5HugzVk-8-rgb_front
006	1	-g0iPSnQt6w-1-rgb_front	8	_g0fpC8aiME-8-rgb_front
007	1	-g0iPSnQt6w-1-rgb_front	10	g1ccEYTMGGY-10-rgb_front
008	1	-g0iPSnQt6w-1-rgb_front	10	G3RvsnzQrXQ-10-rgb_front
009	1	FZNuNG9UBnw-1-rgb_front	5	G2lEchCCRAo-5-rgb_front
010	1	FZNuNG9UBnw-1-rgb_front	5	G3EE6yhl1vk-5-rgb_front
011	1	FZNuNG9UBnw-1-rgb_front	5	G2kVb4gINSI-5-rgb_front
012	1	FZNuNG9UBnw-1-rgb_front	8	Fz-N1S0swh8-8-rgb_front
013	1	FZNuNG9UBnw-1-rgb_front	8	G1hb5HugzVk-8-rgb_front
014	1	FZNuNG9UBnw-1-rgb_front	8	_g0fpC8aiME-8-rgb_front
015	1	FZNuNG9UBnw-1-rgb_front	10	g1ccEYTMGGY-10-rgb_front
016	1	FZNuNG9UBnw-1-rgb_front	10	G3RvsnzQrXQ-10-rgb_front
017	1	FZCEymcpq7I-1-rgb_front	5	G2lEchCCRAo-5-rgb_front
018	1	FZCEymcpq7I-1-rgb_front	5	G3EE6yhl1vk-5-rgb_front
019	1	FZCEymcpq7I-1-rgb_front	5	G2kVb4gINSI-5-rgb_front
020	1	FZCEymcpq7I-1-rgb_front	8	Fz-N1S0swh8-8-rgb_front
021	1	FZCEymcpq7I-1-rgb_front	8	G1hb5HugzVk-8-rgb_front
022	1	FZCEymcpq7I-1-rgb_front	8	_g0fpC8aiME-8-rgb_front
023	1	FZCEymcpq7I-1-rgb_front	10	g1ccEYTMGGY-10-rgb_front
024	1	FZCEymcpq7I-1-rgb_front	10	G3RvsnzQrXQ-10-rgb_front
025	2	G05uFub3YFc-2-rgb_front	5	G2lEchCCRAo-5-rgb_front
026	2	G05uFub3YFc-2-rgb_front	5	G3EE6yhl1vk-5-rgb_front
027	2	G05uFub3YFc-2-rgb_front	5	G2kVb4gINSI-5-rgb_front
028	2	G05uFub3YFc-2-rgb_front	8	Fz-N1S0swh8-8-rgb_front
029	2	G05uFub3YFc-2-rgb_front	8	G1hb5HugzVk-8-rgb_front
030	2	G05uFub3YFc-2-rgb_front	8	_g0fpC8aiME-8-rgb_front
031	2	G05uFub3YFc-2-rgb_front	10	g1ccEYTMGGY-10-rgb_front
032	2	G05uFub3YFc-2-rgb_front	10	G3RvsnzQrXQ-10-rgb_front
033	2	FZrU_mEryAs-2-rgb_front	5	G2lEchCCRAo-5-rgb_front
034	2	FZrU_mEryAs-2-rgb_front	5	G3EE6yhl1vk-5-rgb_front
035	2	FZrU_mEryAs-2-rgb_front	5	G2kVb4gINSI-5-rgb_front
036	2	FZrU_mEryAs-2-rgb_front	8	Fz-N1S0swh8-8-rgb_front
037	2	FZrU_mEryAs-2-rgb_front	8	G1hb5HugzVk-8-rgb_front
038	2	FZrU_mEryAs-2-rgb_front	8	_g0fpC8aiME-8-rgb_front
039	2	FZrU_mEryAs-2-rgb_front	10	g1ccEYTMGGY-10-rgb_front
040	2	FZrU_mEryAs-2-rgb_front	10	G3RvsnzQrXQ-10-rgb_front
041	2	G0MjvzT_UqM-2-rgb_front	5	G2lEchCCRAo-5-rgb_front
042	2	G0MjvzT_UqM-2-rgb_front	5	G3EE6yhl1vk-5-rgb_front
043	2	G0MjvzT_UqM-2-rgb_front	5	G2kVb4gINSI-5-rgb_front
044	2	G0MjvzT_UqM-2-rgb_front	8	Fz-N1S0swh8-8-rgb_front
045	2	G0MjvzT_UqM-2-rgb_front	8	G1hb5HugzVk-8-rgb_front
046	2	G0MjvzT_UqM-2-rgb_front	8	_g0fpC8aiME-8-rgb_front
047	2	G0MjvzT_UqM-2-rgb_front	10	g1ccEYTMGGY-10-rgb_front
048	2	G0MjvzT_UqM-2-rgb_front	10	G3RvsnzQrXQ-10-rgb_front
049	3	g2eTD-1Jcro-3-rgb_front	5	G2lEchCCRAo-5-rgb_front
050	3	g2eTD-1Jcro-3-rgb_front	5	G3EE6yhl1vk-5-rgb_front
051	3	g2eTD-1Jcro-3-rgb_front	5	G2kVb4gINSI-5-rgb_front
052	3	g2eTD-1Jcro-3-rgb_front	8	Fz-N1S0swh8-8-rgb_front
053	3	g2eTD-1Jcro-3-rgb_front	8	G1hb5HugzVk-8-rgb_front
054	3	g2eTD-1Jcro-3-rgb_front	8	_g0fpC8aiME-8-rgb_front
055	3	g2eTD-1Jcro-3-rgb_front	10	g1ccEYTMGGY-10-rgb_front
056	3	g2eTD-1Jcro-3-rgb_front	10	G3RvsnzQrXQ-10-rgb_front
057	3	g2v-M6EXcUE-3-rgb_front	5	G2lEchCCRAo-5-rgb_front
058	3	g2v-M6EXcUE-3-rgb_front	5	G3EE6yhl1vk-5-rgb_front
059	3	g2v-M6EXcUE-3-rgb_front	5	G2kVb4gINSI-5-rgb_front
060	3	g2v-M6EXcUE-3-rgb_front	8	Fz-N1S0swh8-8-rgb_front
061	3	g2v-M6EXcUE-3-rgb_front	8	G1hb5HugzVk-8-rgb_front
062	3	g2v-M6EXcUE-3-rgb_front	8	_g0fpC8aiME-8-rgb_front
063	3	g2v-M6EXcUE-3-rgb_front	10	g1ccEYTMGGY-10-rgb_front
064	3	g2v-M6EXcUE-3-rgb_front	10	G3RvsnzQrXQ-10-rgb_front
065	3	g2iFC1st7zQ-3-rgb_front	5	G2lEchCCRAo-5-rgb_front
066	3	g2iFC1st7zQ-3-rgb_front	5	G3EE6yhl1vk-5-rgb_front
067	3	g2iFC1st7zQ-3-rgb_front	5	G2kVb4gINSI-5-rgb_front
068	3	g2iFC1st7zQ-3-rgb_front	8	Fz-N1S0swh8-8-rgb_front
069	3	g2iFC1st7zQ-3-rgb_front	8	G1hb5HugzVk-8-rgb_front
070	3	g2iFC1st7zQ-3-rgb_front	8	_g0fpC8aiME-8-rgb_front
071	3	g2iFC1st7zQ-3-rgb_front	10	g1ccEYTMGGY-10-rgb_front
072	3	g2iFC1st7zQ-3-rgb_front	10	G3RvsnzQrXQ-10-rgb_front
073	3	g3ZluRtRXVc-3-rgb_front	5	G2lEchCCRAo-5-rgb_front
074	3	g3ZluRtRXVc-3-rgb_front	5	G3EE6yhl1vk-5-rgb_front
075	3	g3ZluRtRXVc-3-rgb_front	5	G2kVb4gINSI-5-rgb_front
076	3	g3ZluRtRXVc-3-rgb_front	8	Fz-N1S0swh8-8-rgb_front
077	3	g3ZluRtRXVc-3-rgb_front	8	G1hb5HugzVk-8-rgb_front
078	3	g3ZluRtRXVc-3-rgb_front	8	_g0fpC8aiME-8-rgb_front
079	3	g3ZluRtRXVc-3-rgb_front	10	g1ccEYTMGGY-10-rgb_front
080	3	g3ZluRtRXVc-3-rgb_front	10	G3RvsnzQrXQ-10-rgb_front
